,archive_size,min_fog_failure,max_fog_failure,avg_fog_failure,std_fog_failure
0,9,0.04707238626157487,0.22857359102766117,0.154643510533716,0.05243369379219188
