,archive_size,min_fog_failure,max_fog_failure,avg_fog_failure,std_fog_failure
0,11,0.0583730280388402,0.25525982453216867,0.16846242266434336,0.05435615755541068
