,archive_size,min_fog_failure,max_fog_failure,avg_fog_failure,std_fog_failure
0,12,0.048620645635072735,0.3332425118997095,0.15355171932847284,0.05680121887136622
